Metric,Value
Accuracy,0.969825155104343
Precision,0.9519184069936862
Recall,0.9610983981693364
F1 Score,0.9564863765758438
ROC-AUC,0.9949322034098711
